variable,media,desv_std,asimetria,curtosis
weighted_score,2.1059581212706218,2.2825594952332264,0.5162678488582445,-1.1129472721731453
total_clicks,192.86486486486487,212.63576371068237,1.168872625266947,1.4880217650143628
submission_rate,0.13877350127350127,0.1640615207290859,1.7360055992325272,5.66577278477725
num_of_prev_attempts,2.445945945945946,1.8267989317914377,1.7471421577613184,3.0496265164291874
studied_credits,20.27027027027027,26.615067747781033,2.659281760224025,8.391658025292662
active_weeks,3.689189189189189,2.941264828929204,-0.1175595893330735,-1.6127781747332444
